{
  "model_type": "zscore_logistic",
  "features": [
    "max_aspect",
    "final_aspect",
    "max_down_velocity",
    "total_down_shift",
    "min_height",
    "final_height",
    "max_area",
    "visible_ratio"
  ],
  "mean": [
    1.3291782140731812,
    1.327012538909912,
    8.333325240528211e-05,
    -0.0002500003611203283,
    0.9986667037010193,
    0.9994999766349792,
    0.9962499737739563,
    1.0
  ],
  "std": [
    0.027918267995119095,
    0.04306987673044205,
    0.0005843331455253065,
    0.0017510026227682829,
    0.009334343485534191,
    0.0035009938292205334,
    0.02537323161959648,
    9.999999974752427e-07
  ],
  "weights": [
    -0.5876831412315369,
    -0.22509831190109253,
    -0.44198623299598694,
    0.4424915611743927,
    0.4426986873149872,
    0.44261422753334045,
    -0.4075396955013275,
    0.0
  ],
  "bias": -0.8035213351249695,
  "params": 9
}