{
  "model_type": "zscore_logistic",
  "features": [
    "max_aspect",
    "final_aspect",
    "max_down_velocity",
    "total_down_shift",
    "min_height",
    "final_height",
    "max_area",
    "visible_ratio"
  ],
  "mean": [
    1.5604972839355469,
    1.4557644128799438,
    0.011656766757369041,
    0.08253966271877289,
    0.285714328289032,
    0.30307537317276,
    0.06830915808677673,
    1.0
  ],
  "std": [
    1.2463408708572388,
    1.3025805950164795,
    0.006737357471138239,
    0.07643266022205353,
    0.0811690166592598,
    0.09444643557071686,
    0.019218463450670242,
    9.999999974752427e-07
  ],
  "weights": [
    0.7558979392051697,
    0.5831860899925232,
    3.48642635345459,
    0.5694879293441772,
    0.4042602777481079,
    0.7400933504104614,
    0.21890811622142792,
    0.0
  ],
  "bias": -4.67832612991333,
  "params": 9
}